{
  "next-env.d.ts": 1773868823.9809904,
  "next.config.ts": 1776009107.2495885,
  "scripts/convert-nlm-quizzes.py": 1773660760.318799,
  "scripts/ingest-exercises.py": 1773698414.1751435,
  "src/app/layout.tsx": 1773612561.3884745,
  "src/app/page.tsx": 1773743704.7894533,
  "src/app/exam/page.tsx": 1773743706.8243632,
  "src/app/exam/[sessionId]/page.tsx": 1773612700.8052118,
  "src/app/exam/[sessionId]/review/page.tsx": 1773612717.499367,
  "src/app/exercises/page.tsx": 1773698056.3829231,
  "src/app/exercises/[setId]/page.tsx": 1773699173.99813,
  "src/app/learn/page.tsx": 1773741399.0172994,
  "src/app/learn/[lectureId]/page.tsx": 1773741427.3421216,
  "src/app/learn/[lectureId]/practice/page.tsx": 1773710984.0278292,
  "src/app/learn/[lectureId]/study/page.tsx": 1773711595.080666,
  "src/app/practice/[topicId]/page.tsx": 1773743720.1491446,
  "src/app/progress/page.tsx": 1773696096.609151,
  "src/components/AlphaListText.tsx": 1773699167.5041964,
  "src/components/MathText.tsx": 1773611860.5261526,
  "src/components/McqCard.tsx": 1773741262.5644076,
  "src/components/Navbar.tsx": 1773710902.441433,
  "src/components/ProgressBar.tsx": 1773612593.4049785,
  "src/components/SolutionPanel.tsx": 1773699188.9244707,
  "src/components/SourceBadge.tsx": 1773612590.691682,
  "src/components/SourceFilterBar.tsx": 1773743647.440731,
  "src/components/ThemeInit.tsx": 1773612566.9138947,
  "src/components/Timer.tsx": 1773612641.5273306,
  "src/components/TopicCard.tsx": 1773612606.2637458,
  "src/components/WrittenCard.tsx": 1773612637.6868868,
  "src/components/learn/LearningPath.tsx": 1773741311.7527182,
  "src/components/learn/LearnSkeleton.tsx": 1773741389.8282335,
  "src/components/learn/LectureNode.tsx": 1773741288.0559938,
  "src/components/learn/PracticeSession.tsx": 1773741369.981191,
  "src/components/learn/ReadProgressRing.tsx": 1773741438.0359313,
  "src/components/learn/StageProgress.tsx": 1773710755.5480318,
  "src/components/learn/StarRating.tsx": 1773741376.4079945,
  "src/components/learn/StudySourcePanel.tsx": 1773711710.1602476,
  "src/components/learn/StudyViewer.tsx": 1773741452.2487998,
  "src/components/learn/XpBar.tsx": 1773741529.7027626,
  "src/components/learn/XpToast.tsx": 1773741326.828169,
  "src/data/exercises.ts": 1773698378.603786,
  "src/data/index.ts": 1773743696.7393584,
  "src/data/topics.ts": 1773656919.7839892,
  "src/data/learn/index.ts": 1773710987.462275,
  "src/lib/examGenerator.ts": 1773743142.0566368,
  "src/lib/i18n.ts": 1773743098.9544513,
  "src/lib/learnStorage.ts": 1773710989.0317314,
  "src/lib/preferences.tsx": 1773613121.5944517,
  "src/lib/questionFilters.ts": 1773743742.124132,
  "src/lib/scoring.ts": 1773611640.204987,
  "src/lib/storage.ts": 1773696057.265701,
  "src/lib/useHydrated.ts": 1773611874.7108252,
  "src/types/index.ts": 1773698361.454266,
  "src/types/learn.ts": 1773710418.8537118,
  "CLAUDE.local.md": 1775410568.7964227,
  "CLAUDE.md": 1773698864.1452286,
  "HANDOFF.md": 1773712391.5003335,
  "LECTURE_STUDY_GUIDE.md": 1773701532.6715755,
  "README.md": 1773712356.3198836,
  "public/file.svg": 1773528875.6970825,
  "public/globe.svg": 1773528875.7080097,
  "public/next.svg": 1773528875.7165608,
  "public/vercel.svg": 1773528875.7204728,
  "public/window.svg": 1773528875.7310033
}